{"cameraMode":{"drawMode":0,"name":"Shaded","section":"Shading Mode"},"sceneLighting":true,"audioPlay":false,"sceneViewState":{"showFog":true,"showMaterialUpdate":false,"showSkybox":true,"showFlares":true,"showImageEffects":true,"showParticleSystems":true},"in2DMode":false,"pivot":{"x":3.5431180000305177,"y":2.939059019088745,"z":0.7259975671768189},"rotation":{"x":-0.09600058943033219,"y":-0.6746842265129089,"z":0.08916619420051575,"w":-0.7264046669006348},"size":6.809350967407227,"orthographic":true}