{"cameraMode":{"drawMode":0,"name":"Shaded","section":"Shading Mode"},"sceneLighting":false,"audioPlay":false,"sceneViewState":{"showFog":true,"showMaterialUpdate":false,"showSkybox":false,"showFlares":true,"showImageEffects":true,"showParticleSystems":true},"in2DMode":false,"pivot":{"x":2.778430938720703,"y":0.4999997615814209,"z":3.0768284797668459},"rotation":{"x":0.24274712800979615,"y":0.6592649221420288,"z":-0.23871314525604249,"w":0.6704321503639221},"size":2.8578832149505617,"orthographic":false}